gene_id	baseMean	log2FoldChange	lfcSE	stat	pvalue	padj
GENE1	68.2963513983687	1.97223480729013	0.21749449852454	9.0679756070593	1.2124869533552e-19	6.06243476677602e-19
GENE2	46.4012069246977	-4.30905025194958	0.493109012967232	-8.73853476337884	2.36153237870667e-18	5.90383094676668e-18
GENE3	51.2825156492204	-0.154522302914211	0.201718922725854	-0.766027801587137	0.443659760011208	0.487237719215591
GENE4	0.244267145198466	1.41498572639554	2.03680365750518	0.694708948101908	0.487237719215591	0.487237719215591
GENE5	197.332823507236	0.155098817304683	0.10286390377135	1.50780605847356	0.131604171117888	0.21934028519648
